{"cameraMode":{"drawMode":0,"name":"Shaded","section":"Shading Mode"},"sceneLighting":false,"audioPlay":false,"sceneViewState":{"showFog":true,"showMaterialUpdate":false,"showSkybox":false,"showFlares":true,"showImageEffects":true,"showParticleSystems":true},"in2DMode":false,"pivot":{"x":2.9802322387695315e-8,"y":0.7430406808853149,"z":-5.960464477539063e-8},"rotation":{"x":-0.18412871658802033,"y":0.8150869607925415,"z":-0.4077085256576538,"w":-0.36810827255249026},"size":0.9902197122573853,"orthographic":false}